bus,bus name,addr,device name,part#,path
0,BC Local I2C,50,BB VPD SEEP,AT24C02B,/sys/bus/i2c/devices/0-0050
0,BC Local I2C,51,BB Err Log SEEP,AT24C02B,/sys/bus/i2c/devices/0-0051
0,BC Local I2C,69,BB CK410 Clock Generator,ck410,
0,BC Local I2C,77,BB PCIe Switch,89HPES6T6G2ZCALG,
1,AOC 0,50,AOC 0 TX Page,AOC,/sys/bus/i2c/devices/1-0050
1,AOC 0,54,AOC 0 RX Page,AOC,/sys/bus/i2c/devices/1-0054
2,AOC 1,50,AOC 1 TX Page,AOC,/sys/bus/i2c/devices/2-0050
2,AOC 1,54,AOC 1 RX Page,AOC,/sys/bus/i2c/devices/2-0054
3,AOC 2,50,AOC 2 TX Page,AOC,/sys/bus/i2c/devices/3-0050
3,AOC 2,54,AOC 2 RX Page,AOC,/sys/bus/i2c/devices/3-0054
4,AOC 3,50,AOC 3 TX Page,AOC,/sys/bus/i2c/devices/4-0050
4,AOC 3,54,AOC 3 RX Page,AOC,/sys/bus/i2c/devices/4-0054
5,AOC 4,50,AOC 4 TX Page,AOC,/sys/bus/i2c/devices/5-0050
5,AOC 4,54,AOC 4 RX Page,AOC,/sys/bus/i2c/devices/5-0054
6,PCH 0 M0,16,PCH 0 M0,Patsburg or Wellsburg,
7,PDC 0 Err Log SEEP bus,57,Error Log SEEP 0,AT24C02B,/sys/bus/i2c/devices/7-0057
8,PCH 1 M0,16,PCH 1 M0,Patsburg or Wellsburg,
9,PDC 1 Err Log SEEP bus,57,Error Log SEEP 1,AT24C02B,/sys/bus/i2c/devices/9-0057
10,PCH 2 M0,16,PCH 2 M0,Patsburg or Wellsburg,
12,PCH 3 M0,16,PCH 3 M0,Patsburg or Wellsburg,
14,BB Micro I2C Bridge,19,IO Expander 0,PCA9555BS,/sys/kernel/micro
14,BB Micro I2C Bridge,20,IO Expander 1,PCA9555BS,/sys/kernel/micro
14,BB Micro I2C Bridge,21,IO Expander 2,PCA9555BS,/sys/kernel/micro
14,BB Micro I2C Bridge,23,IO Expander 3,PCA9555BS,/sys/kernel/micro
14,BB Micro I2C Bridge,24,Aires VRM A/D,AD7993BRUZ-1,/sys/kernel/micro
14,BB Micro I2C Bridge,30,Aires VRM CTL3,IR3536,/sys/kernel/micro
14,BB Micro I2C Bridge,49,BB A/D 1,ADS7828EB/250 ,/sys/kernel/micro
14,BB Micro I2C Bridge,4B,BB A/D 0,ADS7828EB/250 ,/sys/kernel/micro
14,BB Micro I2C Bridge,4C,BB Temp Sensor,ADT7461ARZ,/sys/kernel/micro
14,BB Micro I2C Bridge,4E,Vert IVOC0 ECB,LTC4260,/sys/bus/i2c/devices/14-004E
14,BB Micro I2C Bridge,4F,Vert IVOC1 ECB,LTC4260,/sys/bus/i2c/devices/14-004F
14,BB Micro I2C Bridge,50,Vertical IVOC0 SEEP,"Tyco 1926819-4, Cray #100514900",/sys/bus/i2c/devices/14-0050
14,BB Micro I2C Bridge,51,Vertical IVOC1 SEEP,"Tyco 1926819-4, Cray #100514900",/sys/bus/i2c/devices/14-0051
14,BB Micro I2C Bridge,53,Aires VRM SEEP,AT24C02B,/sys/bus/i2c/devices/14-0053
14,BB Micro I2C Bridge,70,Aires VRM CTL1,IR3536,/sys/kernel/micro
14,BB Micro I2C Bridge,71,Aires VRM CTL2,IR3536,/sys/kernel/micro
14,BB Micro I2C Bridge,75,PDC I2C mux,PCA9546ABS,/sys/kernel/micro
15,PDC 0,54,PDC 0 Node 0 IVOC SEEP,AT24C02B,/sys/bus/i2c/devices/15-0054
15,PDC 0,55,PDC 0 Node 1 IVOC SEEP,AT24C02B,/sys/bus/i2c/devices/15-0055
15,PDC 0,18,PDC 0 Node 0 VR ERR GPIO EXP0,PCA9557,/sys/bus/i2c/devices/15-0018
15,PDC 0,1A,PDC 0 Node 0 VR ERR GPIO EXP1,PCA9557,/sys/bus/i2c/devices/15-001A
15,PDC 0,1C,PDC 0 Node 1 VR ERR GPIO EXP0,PCA9557,/sys/bus/i2c/devices/15-001C
15,PDC 0,1E,PDC 0 Node 1 VR ERR GPIO EXP1,PCA9557,/sys/bus/i2c/devices/15-001E
15,PDC 0,40,PDC 0 Node 1 IVOC ECB,LM5066i,/sys/bus/i2c/devices/15-0040
15,PDC 0,41,PDC 0 Node 0 IVOC ECB,LM5066i,/sys/bus/i2c/devices/15-0041
15,PDC 0,48,PDC 0 Node 0 IVOC ECB,LTC4260,/sys/bus/i2c/devices/15-0048
15,PDC 0,4A,PDC 0 Node 1 IVOC ECB,LTC4260,/sys/bus/i2c/devices/15-004A
15,PDC 0,4D,PDC 0 Temp Sensor,ADT7461ARZ,
15,PDC 0,4D,PDC 0 Temp Sensor,SA56004FDP,/sys/bus/i2c/devices/15-004D
15,PDC 0,56,PDC 0 VPD SEEP,AT24C02B,/sys/bus/i2c/devices/15-0056
15,PDC 0,57,PDC 0 Error Log SEEP,AT24C02B,/sys/bus/i2c/devices/15-0057
15,PDC 0,74,PDC 0 CPU Switch,PCA9646,/sys/kernel/micro
15,PDC 0,74,KLOC mux – dbg,,
16,PDC 0 CPU Switch 0,0A,PDC 0 CPU 0 HPDC VRD IR3570,IR3570B,
16,PDC 0 CPU Switch 0,0F,PDC 0 CPU 0 HPDC VRD IR3566,IR3566B,
16,PDC 0 CPU Switch 0,18,PDC 0 CPU 0 VRM GPIO Expander,PCA9557,/sys/bus/i2c/devices/16-0018
16,PDC 0 CPU Switch 0,19,PDC 0 CPU 0 VRM GPIO Expander 2,PCA9557,/sys/bus/i2c/devices/16-0019
16,PDC 0 CPU Switch 0,32,PDC 0 CPU 0 VDR REG CON,IR3541,
16,PDC 0 CPU Switch 0,37,PDC 0 CPU 0 VCCVSA REG CON,IR3536,
16,PDC 0 CPU Switch 0,72,PDC 0 CPU 0 VDR01 PMBUS       ,IR3541 / IR3566B (HPDC),/sys/bus/i2c/devices/16-0072
16,PDC 0 CPU Switch 0,73,PDC 0 CPU 0 VDR23 PMBUS       ,IR3541 / IR3566B (HPDC),/sys/bus/i2c/devices/16-0073
16,PDC 0 CPU Switch 0,77,PDC 0 CPU 0 VCC PMBUS,IR3536 / IR3570B (HPDC),/sys/bus/i2c/devices/16-0077
16,PDC 0 CPU Switch 0,78,PDC 0 CPU 0 VSA PMBUS,IR3536,/sys/bus/i2c/devices/16-0078
17,PDC 0 CPU Switch 1,0A,PDC 0 CPU 1 HPDC VRD IR3570,IR3570B,
17,PDC 0 CPU Switch 1,0F,PDC 0 CPU 1 HPDC VRD IR3566,IR3566B,
17,PDC 0 CPU Switch 1,18,PDC 0 CPU 1 VRM GPIO Expander,PCA9557,/sys/bus/i2c/devices/17-0018
17,PDC 0 CPU Switch 1,19,PDC 0 CPU 1 VRM GPIO Expander 2,PCA9557,/sys/bus/i2c/devices/17-0019
17,PDC 0 CPU Switch 1,32,PDC 0 CPU 1 VDR REG CON,IR3541,
17,PDC 0 CPU Switch 1,37,PDC 0 CPU 1 VCCVSA REG CON,IR3536,
17,PDC 0 CPU Switch 1,72,PDC 0 CPU 1 VDR01 PMBUS       ,IR3541 / IR3566B (HPDC),/sys/bus/i2c/devices/17-0072
17,PDC 0 CPU Switch 1,73,PDC 0 CPU 1 VDR23 PMBUS       ,IR3541 / IR3566B (HPDC),/sys/bus/i2c/devices/17-0073
17,PDC 0 CPU Switch 1,77,PDC 0 CPU 1 VCC PMBUS,IR3536 / IR3570B (HPDC),/sys/bus/i2c/devices/17-0077
17,PDC 0 CPU Switch 1,78,PDC 0 CPU 1 VSA PMBUS,IR3536,/sys/bus/i2c/devices/17-0078
17,PDC 0 CPU Switch 1,52,PDC 0 GPU 1 VPD SEEP,AT24C02B,/sys/bus/i2c/devices/17-0052
17,PDC 0 CPU Switch 1,76,PDC 0 GPU 1 power sensor,IR3725,
18,PDC 0 CPU Switch 2,0A,PDC 0 CPU 2 HPDC VRD IR3570,IR3570B,
18,PDC 0 CPU Switch 2,0F,PDC 0 CPU 2 HPDC VRD IR3566,IR3566B,
18,PDC 0 CPU Switch 2,18,PDC 0 CPU 2 VRM GPIO Expander,PCA9557,/sys/bus/i2c/devices/18-0018
18,PDC 0 CPU Switch 2,19,PDC 0 CPU 2 VRM GPIO Expander 2,PCA9557,/sys/bus/i2c/devices/18-0019
18,PDC 0 CPU Switch 2,1A,PDC 0 CPU 2 VRM GPIO Expander 2,PCA9557,/sys/bus/i2c/devices/18-001A
18,PDC 0 CPU Switch 2,32,PDC 0 CPU 2 VDR REG CON,IR3541,
18,PDC 0 CPU Switch 2,37,PDC 0 CPU 2 VCCVSA REG CON,IR3536,
18,PDC 0 CPU Switch 2,72,PDC 0 CPU 2 VDR01 PMBUS       ,IR3541 / IR3566B (HPDC),/sys/bus/i2c/devices/18-0072
18,PDC 0 CPU Switch 2,73,PDC 0 CPU 2 VDR23 PMBUS       ,IR3541 / IR3566B (HPDC),/sys/bus/i2c/devices/18-0073
18,PDC 0 CPU Switch 2,77,PDC 0 CPU 2 VCC PMBUS,IR3536 / IR3570B (HPDC),/sys/bus/i2c/devices/18-0077
18,PDC 0 CPU Switch 2,78,PDC 0 CPU 2 VSA PMBUS,IR3536,/sys/bus/i2c/devices/18-0078
19,PDC 0 CPU Switch 3,0A,PDC 0 CPU 3 HPDC VRD IR3570,IR3570B,
19,PDC 0 CPU Switch 3,0F,PDC 0 CPU 3 HPDC VRD IR3566,IR3566B,
19,PDC 0 CPU Switch 3,18,PDC 0 CPU 3 VRM GPIO Expander,PCA9557,/sys/bus/i2c/devices/19-0018
19,PDC 0 CPU Switch 3,19,PDC 0 CPU 3 VRM GPIO Expander 2,PCA9557,/sys/bus/i2c/devices/19-0019
19,PDC 0 CPU Switch 3,32,PDC 0 CPU 3 VDR REG CON,IR3541,
19,PDC 0 CPU Switch 3,37,PDC 0 CPU 3 VCCVSA REG CON,IR3536,
19,PDC 0 CPU Switch 3,72,PDC 0 CPU 3 VDR01 PMBUS       ,IR3541 / IR3566B (HPDC),/sys/bus/i2c/devices/19-0072
19,PDC 0 CPU Switch 3,73,PDC 0 CPU 3 VDR23 PMBUS       ,IR3541 / IR3566B (HPDC),/sys/bus/i2c/devices/19-0073
19,PDC 0 CPU Switch 3,77,PDC 0 CPU 3 VCC PMBUS,IR3536 / IR3570B (HPDC),/sys/bus/i2c/devices/19-0077
19,PDC 0 CPU Switch 3,78,PDC 0 CPU 3 VSA PMBUS,IR3536,/sys/bus/i2c/devices/19-0078
19,PDC 0 CPU Switch 3,52,PDC 0 GPU 3 VPD SEEP,AT24C02B,/sys/bus/i2c/devices/19-0052
19,PDC 0 CPU Switch 3,76,PDC 0 GPU 3 power sensor,IR3725,
20,PDC 1,54,PDC 1 Node 0 IVOC SEEP,AT24C02B,/sys/bus/i2c/devices/20-0054
20,PDC 1,55,PDC 1 Node 1 IVOC SEEP,AT24C02B,/sys/bus/i2c/devices/20-0055
20,PDC 1,18,PDC 1 Node 0 VR ERR GPIO EXP0,PCA9557,/sys/bus/i2c/devices/20-0018
20,PDC 1,1A,PDC 1 Node 0 VR ERR GPIO EXP1,PCA9557,/sys/bus/i2c/devices/20-001A
20,PDC 1,1C,PDC 1 Node 1 VR ERR GPIO EXP0,PCA9557,/sys/bus/i2c/devices/20-001C
20,PDC 1,1E,PDC 1 Node 1 VR ERR GPIO EXP1,PCA9557,/sys/bus/i2c/devices/20-001E
20,PDC 1,40,PDC 1 Node 1 IVOC ECB,LM5066i,/sys/bus/i2c/devices/20-0040
20,PDC 1,41,PDC 1 Node 0 IVOC ECB,LM5066i,/sys/bus/i2c/devices/20-0041
20,PDC 1,48,PDC 1 Node 0 IVOC ECB,LTC4260,/sys/bus/i2c/devices/20-0048
20,PDC 1,4A,PDC 1 Node 1 IVOC ECB,LTC4260,/sys/bus/i2c/devices/20-004A
20,PDC 1,4D,PDC 1 Temp Sensor,ADT7461ARZ,
20,PDC 1,4D,PDC 1 Temp Sensor,SA56004FDP,/sys/bus/i2c/devices/20-004D
20,PDC 1,56,PDC 1 VPD SEEP,AT24C02B,/sys/bus/i2c/devices/20-0056
20,PDC 1,57,PDC 1 Error Log SEEP,AT24C02B,/sys/bus/i2c/devices/20-0057
20,PDC 1,74,PDC 1 CPU Switch,PCA9646,/sys/kernel/micro
20,PDC 1,74,KLOC mux – dbg,,
21,PDC 1 CPU Switch 0,0A,PDC 1 CPU 0 HPDC VRD IR3570,IR3570B,
21,PDC 1 CPU Switch 0,0F,PDC 1 CPU 0 HPDC VRD IR3566,IR3566B,
21,PDC 1 CPU Switch 0,18,PDC 1 CPU 0 VRM GPIO Expander,PCA9557,/sys/bus/i2c/devices/21-0018
21,PDC 1 CPU Switch 0,19,PDC 1 CPU 0 VRM GPIO Expander 2,PCA9557,/sys/bus/i2c/devices/21-0019
21,PDC 1 CPU Switch 0,1A,PDC 1 CPU 0 VRM GPIO Expander 2,PCA9557,/sys/bus/i2c/devices/21-001A
21,PDC 1 CPU Switch 0,32,PDC 1 CPU 0 VDR REG CON,IR3541,
21,PDC 1 CPU Switch 0,37,PDC 1 CPU 0 VCCVSA REG CON,IR3536,
21,PDC 1 CPU Switch 0,72,PDC 1 CPU 0 VDR01 PMBUS       ,IR3541 / IR3566B (HPDC),/sys/bus/i2c/devices/21-0072
21,PDC 1 CPU Switch 0,73,PDC 1 CPU 0 VDR23 PMBUS       ,IR3541 / IR3566B (HPDC),/sys/bus/i2c/devices/21-0073
21,PDC 1 CPU Switch 0,77,PDC 1 CPU 0 VCC PMBUS,IR3536 / IR3570B (HPDC),/sys/bus/i2c/devices/21-0077
21,PDC 1 CPU Switch 0,78,PDC 1 CPU 0 VSA PMBUS,IR3536,/sys/bus/i2c/devices/21-0078
22,PDC 1 CPU Switch 1,0A,PDC 1 CPU 1 HPDC VRD IR3570,IR3570B,
22,PDC 1 CPU Switch 1,0F,PDC 1 CPU 1 HPDC VRD IR3566,IR3566B,
22,PDC 1 CPU Switch 1,18,PDC 1 CPU 1 VRM GPIO Expander,PCA9557,/sys/bus/i2c/devices/22-0018
22,PDC 1 CPU Switch 1,19,PDC 1 CPU 1 VRM GPIO Expander 2,PCA9557,/sys/bus/i2c/devices/22-0019
22,PDC 1 CPU Switch 1,32,PDC 1 CPU 1 VDR REG CON,IR3541,
22,PDC 1 CPU Switch 1,37,PDC 1 CPU 1 VCCVSA REG CON,IR3536,
22,PDC 1 CPU Switch 1,72,PDC 1 CPU 1 VDR01 PMBUS       ,IR3541 / IR3566B (HPDC),/sys/bus/i2c/devices/22-0072
22,PDC 1 CPU Switch 1,73,PDC 1 CPU 1 VDR23 PMBUS       ,IR3541 / IR3566B (HPDC),/sys/bus/i2c/devices/22-0073
22,PDC 1 CPU Switch 1,77,PDC 1 CPU 1 VCC PMBUS,IR3536 / IR3570B (HPDC),/sys/bus/i2c/devices/22-0077
22,PDC 1 CPU Switch 1,78,PDC 1 CPU 1 VSA PMBUS,IR3536,/sys/bus/i2c/devices/22-0078
22,PDC 1 CPU Switch 1,52,PDC 1 GPU 1 VPD SEEP,AT24C02B,/sys/bus/i2c/devices/22-0052
22,PDC 1 CPU Switch 1,76,PDC 1 GPU 1 power sensor,IR3725,
23,PDC 1 CPU Switch 2,0A,PDC 1 CPU 2 HPDC VRD IR3570,IR3570B,
23,PDC 1 CPU Switch 2,0F,PDC 1 CPU 2 HPDC VRD IR3566,IR3566B,
23,PDC 1 CPU Switch 2,18,PDC 1 CPU 2 VRM GPIO Expander,PCA9557,/sys/bus/i2c/devices/23-0018
23,PDC 1 CPU Switch 2,19,PDC 1 CPU 2 VRM GPIO Expander 2,PCA9557,/sys/bus/i2c/devices/23-0019
23,PDC 1 CPU Switch 2,1A,PDC 1 CPU 2 VRM GPIO Expander 2,PCA9557,/sys/bus/i2c/devices/23-001A
23,PDC 1 CPU Switch 2,32,PDC 1 CPU 2 VDR REG CON,IR3541,
23,PDC 1 CPU Switch 2,37,PDC 1 CPU 2 VCCVSA REG CON,IR3536,
23,PDC 1 CPU Switch 2,72,PDC 1 CPU 2 VDR01 PMBUS       ,IR3541 / IR3566B (HPDC),/sys/bus/i2c/devices/23-0072
23,PDC 1 CPU Switch 2,73,PDC 1 CPU 2 VDR23 PMBUS       ,IR3541 / IR3566B (HPDC),/sys/bus/i2c/devices/23-0073
23,PDC 1 CPU Switch 2,77,PDC 1 CPU 2 VCC PMBUS,IR3536 / IR3570B (HPDC),/sys/bus/i2c/devices/23-0077
23,PDC 1 CPU Switch 2,78,PDC 1 CPU 2 VSA PMBUS,IR3536,/sys/bus/i2c/devices/23-0078
24,PDC 1 CPU Switch 3,0A,PDC 1 CPU 3 HPDC VRD IR3570,IR3570B,
24,PDC 1 CPU Switch 3,0F,PDC 1 CPU 3 HPDC VRD IR3566,IR3566B,
24,PDC 1 CPU Switch 3,18,PDC 1 CPU 3 VRM GPIO Expander,PCA9557,/sys/bus/i2c/devices/24-0018
24,PDC 1 CPU Switch 3,19,PDC 1 CPU 3 VRM GPIO Expander 2,PCA9557,/sys/bus/i2c/devices/24-0019
24,PDC 1 CPU Switch 3,32,PDC 1 CPU 3 VDR REG CON,IR3541,
24,PDC 1 CPU Switch 3,37,PDC 1 CPU 3 VCCVSA REG CON,IR3536,
24,PDC 1 CPU Switch 3,72,PDC 1 CPU 3 VDR01 PMBUS       ,IR3541 / IR3566B (HPDC),/sys/bus/i2c/devices/24-0072
24,PDC 1 CPU Switch 3,73,PDC 1 CPU 3 VDR23 PMBUS       ,IR3541 / IR3566B (HPDC),/sys/bus/i2c/devices/24-0073
24,PDC 1 CPU Switch 3,77,PDC 1 CPU 3 VCC PMBUS,IR3536 / IR3570B (HPDC),/sys/bus/i2c/devices/24-0077
24,PDC 1 CPU Switch 3,78,PDC 1 CPU 3 VSA PMBUS,IR3536,/sys/bus/i2c/devices/24-0078
24,PDC 1 CPU Switch 3,52,PDC 1 GPU 3 VPD SEEP,AT24C02B,/sys/bus/i2c/devices/24-0052
24,PDC 1 CPU Switch 3,76,PDC 1 GPU 3 power sensor,IR3725,
25,GPU 0,18-27,KNC 0,Intel Phi,KNC auto-assigns itself an address between 0x18-0x27
25,GPU 0,4F,Kepler 0,Nvidia Kepler,
26,GPU 1,18-27,KNC 1,Intel Phi,KNC auto-assigns itself an address between 0x18-0x27
26,GPU 1,4F,Kepler 1,Nvidia Kepler,
27,GPU 2,18-27,KNC 2,Intel Phi,KNC auto-assigns itself an address between 0x18-0x27
27,GPU 2,4F,Kepler 2,Nvidia Kepler,
28,GPU 3,18-27,KNC 3,Intel Phi,KNC auto-assigns itself an address between 0x18-0x27
28,GPU 3,4F,Kepler 3,Nvidia Kepler,
30,KLOC 0 i2c0-n3,28,Node 2 VCCLR/VCCMLB Reg,IR3570B,
30,KLOC 0 i2c0-n4,32,Node 2 VCCD012/VCCD345 Reg,IR3570B,
30,KLOC 0 i2c0-n5,36,Node 2 VCCP/VCCU Reg,IR3566B,
30,KLOC 0 i2c0-n6,37,Node 2 VCCP/VCCU Reg,IR3566B,
30,KLOC 0 i2c0-n7,40,Node 2 VCCLR Reg,IR3570B,/sys/bus/i2c/devices/30-0040
30,KLOC 0 i2c0-n8,41,Node 2 VCCMLB Reg,IR3570B,/sys/bus/i2c/devices/30-0041
30,KLOC 0 i2c0-n9,72,Node 2 VCCD012 Reg,IR3570B,/sys/bus/i2c/devices/30-0072
30,KLOC 0 i2c0-n10,73,Node 2 VCCD345 Reg,IR3570B,/sys/bus/i2c/devices/30-0073
30,KLOC 0 i2c0-n11,76,Node 2 VCCP Reg,IR3566B,/sys/bus/i2c/devices/30-0076
30,KLOC 0 i2c0-n12,77,Node 2 VCCU Reg,IR3566B,/sys/bus/i2c/devices/30-0077
30,KLOC 0 i2c0-n13,77,Node 2 VCCP Reg,IR3566B,/sys/bus/i2c/devices/30-0077
30,KLOC 0 i2c0-n14,78,Node 2 VCCU Reg,IR3566B,/sys/bus/i2c/devices/30-0078
31,KLOC 0 i2c1-n3,12,Node 2 VCCSFR Reg,IR38060,
31,KLOC 0 i2c1-n4,14,Node 2 VCCCMP0123 Reg,IR38063,
31,KLOC 0 i2c1-n5,16,Node 2 VPP012 Reg,IR38062,
31,KLOC 0 i2c1-n6,42,Node 2 VCCSFR Reg,IR38060,/sys/bus/i2c/devices/31-0042
31,KLOC 0 i2c1-n7,44,Node 2 VCCCMP0123 Reg,IR38063,/sys/bus/i2c/devices/31-0044
31,KLOC 0 i2c1-n8,46,Node 2 VPP012 Reg,IR38062,/sys/bus/i2c/devices/31-0046
31,KLOC 0 i2c1-n9,62,Node 2 VCCSFR Reg,IR38060,
31,KLOC 0 i2c1-n10,64,Node 2 VCCCMP0123 Reg,IR38063,
31,KLOC 0 i2c1-n11,66,Node 2 VPP012 Reg,IR38062,
32,KLOC 0 i2c2-n3,13,Node 2 VCCPIO Reg,IR38062,
32,KLOC 0 i2c2-n4,15,Node 2 VCCMP4567 Reg,IR38063,
32,KLOC 0 i2c2-n5,17,Node 2 VPP345 Reg,IR38062,
32,KLOC 0 i2c2-n6,43,Node 2 VCCPIO Reg,IR38062,/sys/bus/i2c/devices/32-0043
32,KLOC 0 i2c2-n7,45,Node 2 VCCMP4567 Reg,IR38063,/sys/bus/i2c/devices/32-0045
32,KLOC 0 i2c2-n8,47,Node 2 VPP345 Reg,IR38062,/sys/bus/i2c/devices/32-0047
32,KLOC 0 i2c2-n9,63,Node 2 VCCPIO Reg,IR38062,
32,KLOC 0 i2c2-n10,65,Node 2 VCCMP4567 Reg,IR38063,
32,KLOC 0 i2c2-n11,67,Node 2 VPP345 Reg,IR38062,
33,KLOC 0 i2c0-n2,28,Node 1 VCCLR/VCCMLB Reg,IR3570B,
33,KLOC 0 i2c0-n3,32,Node 1 VCCD012/VCCD345 Reg,IR3570B,
33,KLOC 0 i2c0-n4,36,Node 1 VCCP/VCCU Reg,IR3566B,
33,KLOC 0 i2c0-n5,37,Node 1 VCCP/VCCU Reg,IR3566B,
33,KLOC 0 i2c0-n6,40,Node 1 VCCLR Reg,IR3570B,/sys/bus/i2c/devices/33-0040
33,KLOC 0 i2c0-n7,41,Node 1 VCCMLB Reg,IR3570B,/sys/bus/i2c/devices/33-0041
33,KLOC 0 i2c0-n8,72,Node 1 VCCD012 Reg,IR3570B,/sys/bus/i2c/devices/33-0072
33,KLOC 0 i2c0-n9,73,Node 1 VCCD345 Reg,IR3570B,/sys/bus/i2c/devices/33-0073
33,KLOC 0 i2c0-n10,76,Node 1 VCCP Reg,IR3566B,/sys/bus/i2c/devices/33-0076
33,KLOC 0 i2c0-n11,77,Node 1 VCCU Reg,IR3566B,/sys/bus/i2c/devices/33-0077
33,KLOC 0 i2c0-n12,77,Node 1 VCCP Reg,IR3566B,/sys/bus/i2c/devices/33-0077
33,KLOC 0 i2c0-n13,78,Node 1 VCCU Reg,IR3566B,/sys/bus/i2c/devices/33-0078
34,KLOC 0 i2c1-n2,12,Node 1 VCCSFR Reg,IR38060,
34,KLOC 0 i2c1-n3,14,Node 1 VCCCMP0123 Reg,IR38063,
34,KLOC 0 i2c1-n4,16,Node 1 VPP012 Reg,IR38062,
34,KLOC 0 i2c1-n5,42,Node 1 VCCSFR Reg,IR38060,/sys/bus/i2c/devices/34-0042
34,KLOC 0 i2c1-n6,44,Node 1 VCCCMP0123 Reg,IR38063,/sys/bus/i2c/devices/34-0044
34,KLOC 0 i2c1-n7,46,Node 1 VPP012 Reg,IR38062,/sys/bus/i2c/devices/34-0046
34,KLOC 0 i2c1-n8,62,Node 1 VCCSFR Reg,IR38060,
34,KLOC 0 i2c1-n9,64,Node 1 VCCCMP0123 Reg,IR38063,
34,KLOC 0 i2c1-n10,66,Node 1 VPP012 Reg,IR38062,
35,KLOC 0 i2c2-n2,13,Node 1 VCCPIO Reg,IR38062,
35,KLOC 0 i2c2-n3,15,Node 1 VCCMP4567 Reg,IR38063,
35,KLOC 0 i2c2-n4,17,Node 1 VPP345 Reg,IR38062,
35,KLOC 0 i2c2-n5,43,Node 1 VCCPIO Reg,IR38062,/sys/bus/i2c/devices/35-0043
35,KLOC 0 i2c2-n6,45,Node 1 VCCMP4567 Reg,IR38063,/sys/bus/i2c/devices/35-0045
35,KLOC 0 i2c2-n7,47,Node 1 VPP345 Reg,IR38062,/sys/bus/i2c/devices/35-0047
35,KLOC 0 i2c2-n8,63,Node 1 VCCPIO Reg,IR38062,
35,KLOC 0 i2c2-n9,65,Node 1 VCCMP4567 Reg,IR38063,
35,KLOC 0 i2c2-n10,67,Node 1 VPP345 Reg,IR38062,
36,KLOC 0 i2c-pmon,11,Node 2 52v PMON,LM5056A,/sys/bus/i2c/devices/36-0011
36,KLOC 0 i2c-pmon,12,Node 1 52v PMON,LM5056A,/sys/bus/i2c/devices/36-0012
37,KLOC 1 i2c0-n4,28,Node 3 VCCLR/VCCMLB Reg,IR3570B,
37,KLOC 1 i2c0-n5,32,Node 3 VCCD012/VCCD345 Reg,IR3570B,
37,KLOC 1 i2c0-n6,36,Node 3 VCCP/VCCU Reg,IR3566B,
37,KLOC 1 i2c0-n7,37,Node 3 VCCP/VCCU Reg,IR3566B,
37,KLOC 1 i2c0-n8,40,Node 3 VCCLR Reg,IR3570B,/sys/bus/i2c/devices/37-0040
37,KLOC 1 i2c0-n9,41,Node 3 VCCMLB Reg,IR3570B,/sys/bus/i2c/devices/37-0041
37,KLOC 1 i2c0-n10,72,Node 3 VCCD012 Reg,IR3570B,/sys/bus/i2c/devices/37-0072
37,KLOC 1 i2c0-n11,73,Node 3 VCCD345 Reg,IR3570B,/sys/bus/i2c/devices/37-0073
37,KLOC 1 i2c0-n12,76,Node 3 VCCP Reg,IR3566B,/sys/bus/i2c/devices/37-0076
37,KLOC 1 i2c0-n13,77,Node 3 VCCU Reg,IR3566B,/sys/bus/i2c/devices/37-0077
37,KLOC 1 i2c0-n14,77,Node 3 VCCU Reg,IR3566B,/sys/bus/i2c/devices/37-0077
37,KLOC 1 i2c0-n15,78,Node 3 VCCP Reg,IR3566B,/sys/bus/i2c/devices/37-0078
38,KLOC 1 i2c1-n4,12,Node 3 VCCSFR Reg,IR38060,
38,KLOC 1 i2c1-n5,14,Node 3 VCCCMP0123 Reg,IR38063,
38,KLOC 1 i2c1-n6,16,Node 3 VPP012 Reg,IR38062,
38,KLOC 1 i2c1-n7,42,Node 3 VCCSFR Reg,IR38060,/sys/bus/i2c/devices/38-0042
38,KLOC 1 i2c1-n8,44,Node 3 VCCCMP0123 Reg,IR38063,/sys/bus/i2c/devices/38-0044
38,KLOC 1 i2c1-n9,46,Node 3 VPP012 Reg,IR38062,/sys/bus/i2c/devices/38-0046
38,KLOC 1 i2c1-n10,62,Node 3 VCCSFR Reg,IR38060,
38,KLOC 1 i2c1-n11,64,Node 3 VCCCMP0123 Reg,IR38063,
38,KLOC 1 i2c1-n12,66,Node 3 VPP012 Reg,IR38062,
39,KLOC 1 i2c2-n4,43,Node 3 VCCPIO Reg,IR38062,/sys/bus/i2c/devices/39-0043
39,KLOC 1 i2c2-n5,45,Node 3 VCCMP4567 Reg,IR38063,/sys/bus/i2c/devices/39-0045
39,KLOC 1 i2c2-n6,47,Node 3 VPP345 Reg,IR38062,/sys/bus/i2c/devices/39-0047
39,KLOC 1 i2c2-n7,63,Node 3 VCCPIO Reg,IR38062,
39,KLOC 1 i2c2-n8,65,Node 3 VCCMP4567 Reg,IR38063,
39,KLOC 1 i2c2-n9,67,Node 3 VPP345 Reg,IR38062,
40,KLOC 1 i2c0-n1,28,Node 0 VCCLR/VCCMLB Reg,IR3570B,
40,KLOC 1 i2c0-n2,32,Node 0 VCCD012/VCCD345 Reg,IR3570B,
40,KLOC 1 i2c0-n3,36,Node 0 VCCP/VCCU Reg,IR3566B,
40,KLOC 1 i2c0-n4,37,Node 0 VCCP/VCCU Reg,IR3566B,
40,KLOC 1 i2c0-n5,40,Node 0 VCCLR Reg,IR3570B,/sys/bus/i2c/devices/40-0040
40,KLOC 1 i2c0-n6,41,Node 0 VCCMLB Reg,IR3570B,/sys/bus/i2c/devices/40-0041
40,KLOC 1 i2c0-n7,72,Node 0 VCCD012 Reg,IR3570B,/sys/bus/i2c/devices/40-0072
40,KLOC 1 i2c0-n8,73,Node 0 VCCD345 Reg,IR3570B,/sys/bus/i2c/devices/40-0073
40,KLOC 1 i2c0-n9,76,Node 0 VCCP Reg,IR3566B,/sys/bus/i2c/devices/40-0076
40,KLOC 1 i2c0-n10,77,Node 0 VCCU Reg,IR3566B,/sys/bus/i2c/devices/40-0077
40,KLOC 1 i2c0-n11,77,Node 0 VCCP Reg,IR3566B,/sys/bus/i2c/devices/40-0077
40,KLOC 1 i2c0-n12,78,Node 0 VCCU Reg,IR3566B,/sys/bus/i2c/devices/40-0078
41,KLOC 1 i2c1-n1,12,Node 0 VCCSFR Reg,IR38060,
41,KLOC 1 i2c1-n2,14,Node 0 VCCCMP0123 Reg,IR38063,
41,KLOC 1 i2c1-n3,16,Node 0 VPP012 Reg,IR38062,
41,KLOC 1 i2c1-n4,42,Node 0 VCCSFR Reg,IR38060,/sys/bus/i2c/devices/41-0042
41,KLOC 1 i2c1-n5,44,Node 0 VCCCMP0123 Reg,IR38063,/sys/bus/i2c/devices/41-0044
41,KLOC 1 i2c1-n6,46,Node 0 VPP012 Reg,IR38062,/sys/bus/i2c/devices/41-0046
41,KLOC 1 i2c1-n7,62,Node 0 VCCSFR Reg,IR38060,
41,KLOC 1 i2c1-n8,64,Node 0 VCCCMP0123 Reg,IR38063,
41,KLOC 1 i2c1-n9,66,Node 0 VPP012 Reg,IR38062,
42,KLOC 1 i2c2-n1,13,Node 0 VCCPIO Reg,IR38062,
42,KLOC 1 i2c2-n2,15,Node 0 VCCMP4567 Reg,IR38063,
42,KLOC 1 i2c2-n3,17,Node 0 VPP345 Reg,IR38062,
42,KLOC 1 i2c2-n4,43,Node 0 VCCPIO Reg,IR38062,/sys/bus/i2c/devices/42-0043
42,KLOC 1 i2c2-n5,45,Node 0 VCCMP4567 Reg,IR38063,/sys/bus/i2c/devices/42-0045
42,KLOC 1 i2c2-n6,47,Node 0 VPP345 Reg,IR38062,/sys/bus/i2c/devices/42-0047
42,KLOC 1 i2c2-n7,63,Node 0 VCCPIO Reg,IR38062,
42,KLOC 1 i2c2-n8,65,Node 0 VCCMP4567 Reg,IR38063,
42,KLOC 1 i2c2-n9,67,Node 0 VPP345 Reg,IR38062,
43,KLOC 1 i2c-pmon,11,Node 3 52v PMON,LM5056A,/sys/bus/i2c/devices/43-0011
43,KLOC 1 i2c-pmon,12,Node 0 52v PMON,LM5056A,/sys/bus/i2c/devices/43-0012
50,IOLOC-0 pcie ctl,12,PCIe 3.3V N2,IR38062,
50,IOLOC-0 pcie ctl,13,PCIe 3.3V N1,IR38062,
50,IOLOC-0 pcie ctl,20,GPIO N2,PCA9555BS,/sys/bus/i2c/devices/50-0020
50,IOLOC-0 pcie ctl,21,GPIO N1,PCA9555BS,/sys/bus/i2c/devices/50-0021
50,IOLOC-0 pcie ctl,42,PCIe 3.3V N2,IR38062,/sys/bus/i2c/devices/50-0042
50,IOLOC-0 pcie ctl,43,PCIe 3.3V N1,IR38062,/sys/bus/i2c/devices/50-0043
50,IOLOC-0 pcie ctl,57,Error Log SEEP,AT24C02B,/sys/bus/i2c/devices/50-0057
51,IOLOC-0 n2 pcie s1,14,3V3 Pwr Mgr,LM25066,/sys/bus/i2c/devices/51-0014
51,IOLOC-0 n2 pcie s2,15,12V Pwr Mgr,LM25066,/sys/bus/i2c/devices/51-0015
51,IOLOC-0 n2 pcie s3,61,PCIe slot i2c,,
52,IOLOC-0 n2 pcie s2,14,3V3 Pwr Mgr,LM25066,/sys/bus/i2c/devices/52-0014
52,IOLOC-0 n2 pcie s3,15,12V Pwr Mgr,LM25066,/sys/bus/i2c/devices/52-0015
52,IOLOC-0 n2 pcie s4,4B,Pascal GPU SMBPBI,,
52,IOLOC-0 n2 pcie s5,4F,Pascal GPU SMBPBI,,
52,IOLOC-0 n2 pcie s6,61,PCIe slot i2c,,
53,IOLOC-0 n2 pcie s3,14,3V3 Pwr Mgr,LM25066,/sys/bus/i2c/devices/53-0014
53,IOLOC-0 n2 pcie s4,15,12V Pwr Mgr,LM25066,/sys/bus/i2c/devices/53-0015
53,IOLOC-0 n2 pcie s5,61,PCIe slot i2c,,
54,IOLOC-0 n1 pcie s1,14,3V3 Pwr Mgr,LM25066,/sys/bus/i2c/devices/54-0014
54,IOLOC-0 n1 pcie s2,15,12V Pwr Mgr,LM25066,/sys/bus/i2c/devices/54-0015
54,IOLOC-0 n1 pcie s3,61,PCIe slot i2c,,
55,IOLOC-0 n1 pcie s2,14,3V3 Pwr Mgr,LM25066,/sys/bus/i2c/devices/55-0014
55,IOLOC-0 n1 pcie s3,15,12V Pwr Mgr,LM25066,/sys/bus/i2c/devices/55-0015
55,IOLOC-0 n1 pcie s4,4B,Pascal GPU SMBPBI,,
55,IOLOC-0 n1 pcie s5,4F,Pascal GPU SMBPBI,,
55,IOLOC-0 n1 pcie s6,61,PCIe slot i2c,,
56,IOLOC-0 n1 pcie s3,14,3V3 Pwr Mgr,LM25066,/sys/bus/i2c/devices/56-0014
56,IOLOC-0 n1 pcie s4,15,12V Pwr Mgr,LM25066,/sys/bus/i2c/devices/56-0015
56,IOLOC-0 n1 pcie s5,61,PCIe slot i2c,,
57,IOLOC-1 pcie ctl,12,PCIe 3.3V N3,IR38062,
57,IOLOC-1 pcie ctl,13,PCIe 3.3V N0,IR38062,
57,IOLOC-1 pcie ctl,20,GPIO N3,PCA9555BS,/sys/bus/i2c/devices/57-0020
57,IOLOC-1 pcie ctl,21,GPIO N0,PCA9555BS,/sys/bus/i2c/devices/57-0021
57,IOLOC-1 pcie ctl,42,PCIe 3.3V N3,IR38062,/sys/bus/i2c/devices/57-0042
57,IOLOC-1 pcie ctl,43,PCIe 3.3V N0,IR38062,/sys/bus/i2c/devices/57-0043
57,IOLOC-1 pcie ctl,57,Error Log SEEP,AT24C02B,/sys/bus/i2c/devices/57-0057
58,IOLOC-1 n3 pcie s1,14,3V3 Pwr Mgr,LM25066,/sys/bus/i2c/devices/58-0014
58,IOLOC-1 n3 pcie s2,15,12V Pwr Mgr,LM25066,/sys/bus/i2c/devices/58-0015
58,IOLOC-1 n3 pcie s3,61,PCIe slot i2c vpd,,
59,IOLOC-1 n3 pcie s2,14,3V3 Pwr Mgr,LM25066,/sys/bus/i2c/devices/59-0014
59,IOLOC-1 n3 pcie s3,15,12V Pwr Mgr,LM25066,/sys/bus/i2c/devices/59-0015
59,IOLOC-1 n3 pcie s4,4B,Pascal GPU SMBPBI,,
59,IOLOC-1 n3 pcie s5,4F,Pascal GPU SMBPBI,,
59,IOLOC-1 n3 pcie s6,61,PCIe slot i2c vpd,,
60,IOLOC-1 n3 pcie s3,14,3V3 Pwr Mgr,LM25066,/sys/bus/i2c/devices/60-0014
60,IOLOC-1 n3 pcie s4,15,12V Pwr Mgr,LM25066,/sys/bus/i2c/devices/60-0015
60,IOLOC-1 n3 pcie s5,61,PCIe slot i2c vpd,,
61,IOLOC-1 n0 pcie s1,14,3V3 Pwr Mgr,LM25066,/sys/bus/i2c/devices/61-0014
61,IOLOC-1 n0 pcie s2,15,12V Pwr Mgr,LM25066,/sys/bus/i2c/devices/61-0015
61,IOLOC-1 n0 pcie s3,61,PCIe slot i2c vpd,,
62,IOLOC-1 n0 pcie s2,14,3V3 Pwr Mgr,LM25066,/sys/bus/i2c/devices/62-0014
62,IOLOC-1 n0 pcie s3,15,12V Pwr Mgr,LM25066,/sys/bus/i2c/devices/62-0015
62,IOLOC-1 n0 pcie s4,4B,Pascal GPU SMBPBI,,
62,IOLOC-1 n0 pcie s5,4F,Pascal GPU SMBPBI,,
62,IOLOC-1 n0 pcie s6,61,PCIe slot i2c vpd,,
63,IOLOC-1 n0 pcie s3,14,3V3 Pwr Mgr,LM25066,/sys/bus/i2c/devices/63-0014
63,IOLOC-1 n0 pcie s4,15,12V Pwr Mgr,LM25066,/sys/bus/i2c/devices/63-0015
63,IOLOC-1 n0 pcie s5,61,PCIe slot i2c vpd,,
70,SLOC-0 i2c4-n3,10,N2C0 VCCD4567/VPP4567,IR35207,
70,SLOC-0 i2c4-n4,11,N2 52V ECB PMON,LM5066i,/sys/bus/i2c/devices/70-0011
70,SLOC-0 i2c4-n5,1E,N2 C0/C1 PKGID EXP,PCA9557,/sys/bus/i2c/devices/70-001E
70,SLOC-0 i2c4-n6,45,N2C0 VCCD4567/VPP4567,IR35207,/sys/bus/i2c/devices/70-0045
70,SLOC-0 i2c4-n7,70,N2C1 DIMM EVENT EXP,PCAL9538,/sys/bus/i2c/devices/70-0070
70,SLOC-0 i2c4-n8,73,N2C0 DIMM EVENT EXP,PCAL9538,/sys/bus/i2c/devices/70-0073
71,SLOC-0 i2c5-n2c1,10,N2C0 VCCD0123/VPP0123,IR35207,
71,SLOC-0 i2c5-n2c2,17,N2C0 VSA REG,IR38163,
71,SLOC-0 i2c5-n2c3,1D,N2C0 VCCIO REG,IR38163,
71,SLOC-0 i2c5-n2c4,45,N2C0 VCCD0123/VPP0123,IR35207,/sys/bus/i2c/devices/71-0045
71,SLOC-0 i2c5-n2c5,47,N2C0 VSA REG,IR38163,/sys/bus/i2c/devices/71-0047
71,SLOC-0 i2c5-n2c6,4C,N2C0 Vcore REG,PI3020,/sys/bus/i2c/devices/71-004C
71,SLOC-0 i2c5-n2c7,4D,N2C0 VCCIO REG,IR38163,/sys/bus/i2c/devices/71-004D
72,SLOC-0 i2c6-n2c2,10,N2C1 VCCD0123/VPP0123,IR35207,
72,SLOC-0 i2c6-n2c3,17,N2C1 VSA REG,IR38163,
72,SLOC-0 i2c6-n2c4,1D,N2C1 VCCIO REG,IR38163,
72,SLOC-0 i2c6-n2c5,45,N2C1 VCCD0123/VPP0123,IR35207,/sys/bus/i2c/devices/72-0045
72,SLOC-0 i2c6-n2c6,47,N2C1 VSA REG,IR38163,/sys/bus/i2c/devices/72-0047
72,SLOC-0 i2c6-n2c7,4C,N2C1 Vcore REG,PI3020,/sys/bus/i2c/devices/72-004C
72,SLOC-0 i2c6-n2c8,4D,N2C1 VCCIO REG,IR38163,/sys/bus/i2c/devices/72-004D
73,SLOC-0 i2c7-n3,0F,N2 PCH PMIC,IRPS5401,
73,SLOC-0 i2c7-n4,10,N2C1 VCCD4567/VPP4567,IR35207,
73,SLOC-0 i2c7-n5,19,N2 +12V Brick,EBDW020A0B,/sys/bus/i2c/devices/73-0019
73,SLOC-0 i2c7-n6,45,N2C1 VCCD4567/VPP4567,IR35207,/sys/bus/i2c/devices/73-0045
73,SLOC-0 i2c7-n7,71,N2 VRFAULT EXP,PCAL9538,/sys/bus/i2c/devices/73-0071
73,SLOC-0 i2c7-n8,72,N2 FIVR/THERMTRIP EXP,PCAL9538,/sys/bus/i2c/devices/73-0072
73,SLOC-0 i2c7-n9,73,N2/N1 MEMHOT EXP,PCAL9538,/sys/bus/i2c/devices/73-0073
73,SLOC-0 i2c7-n10,77,N2 PCH PMIC,IRPS5401,/sys/bus/i2c/devices/73-0077
74,SLOC-0 i2c0-n2,10,N1C0 VCCD4567/VPP4567,IR35207,
74,SLOC-0 i2c0-n3,11,N1 52V ECB PMON,LM5066i,/sys/bus/i2c/devices/74-0011
74,SLOC-0 i2c0-n4,1E,N1 C0/C1 PKGID EXP,PCA9557,/sys/bus/i2c/devices/74-001E
74,SLOC-0 i2c0-n5,45,N1C0 VCCD4567/VPP4567,IR35207,/sys/bus/i2c/devices/74-0045
74,SLOC-0 i2c0-n6,70,N1C1 DIMM EVENT EXP,PCAL9538,/sys/bus/i2c/devices/74-0070
74,SLOC-0 i2c0-n7,73,N1C0 DIMM EVENT EXP,PCAL9538,/sys/bus/i2c/devices/74-0073
75,SLOC-0 i2c1-n1c1,10,N1C0 VCCD0123/VPP0123,IR35207,
75,SLOC-0 i2c1-n1c2,17,N1C0 VSA REG,IR38163,
75,SLOC-0 i2c1-n1c3,1D,N1C0 VCCIO REG,IR38163,
75,SLOC-0 i2c1-n1c4,45,N1C0 VCCD0123/VPP0123,IR35207,/sys/bus/i2c/devices/75-0045
75,SLOC-0 i2c1-n1c5,47,N1C0 VSA REG,IR38163,/sys/bus/i2c/devices/75-0047
75,SLOC-0 i2c1-n1c6,4C,N1C0 Vcore REG,PI3020,/sys/bus/i2c/devices/75-004C
75,SLOC-0 i2c1-n1c7,4D,N1C0 VCCIO REG,IR38163,/sys/bus/i2c/devices/75-004D
76,SLOC-0 i2c2-n1c2,10,N1C1 VCCD0123/VPP0123,IR35207,
76,SLOC-0 i2c2-n1c3,17,N1C1 VSA REG,IR38163,
76,SLOC-0 i2c2-n1c4,1D,N1C1 VCCIO REG,IR38163,
76,SLOC-0 i2c2-n1c5,45,N1C1 VCCD0123/VPP0123,IR35207,/sys/bus/i2c/devices/76-0045
76,SLOC-0 i2c2-n1c6,47,N1C1 VSA REG,IR38163,/sys/bus/i2c/devices/76-0047
76,SLOC-0 i2c2-n1c7,4C,N1C1 VCCIO REG,PI3020,/sys/bus/i2c/devices/76-004C
76,SLOC-0 i2c2-n1c8,4D,,IR38163,/sys/bus/i2c/devices/76-004D
77,SLOC-0 i2c3-n2,0F,N1 PCH PMIC,IRPS5401,
77,SLOC-0 i2c3-n3,10,N1C1 VCCD4567/VPP4567,IR35207,
77,SLOC-0 i2c3-n4,19,N1 +12V Brick,EBDW020A0B,/sys/bus/i2c/devices/77-0019
77,SLOC-0 i2c3-n5,45,N1C1 VCCD4567/VPP4567,IR35207,/sys/bus/i2c/devices/77-0045
77,SLOC-0 i2c3-n6,71,N1 VRFAULT EXP,PCAL9538,/sys/bus/i2c/devices/77-0071
77,SLOC-0 i2c3-n7,72,N1 FIVR/THERMTRIP EXP,PCAL9538,/sys/bus/i2c/devices/77-0072
77,SLOC-0 i2c3-n8,73,N2/N1  CPU ERROR EXP,PCAL9538,/sys/bus/i2c/devices/77-0073
77,SLOC-0 i2c3-n9,77,N1 PCH PMIC,IRPS5401,/sys/bus/i2c/devices/77-0077
78,SLOC-1 i2c4-n4,10,N3C0 VCCD4567/VPP4567,IR35207,
78,SLOC-1 i2c4-n5,11,N3 52V ECB PMON,LM5066i,/sys/bus/i2c/devices/78-0011
78,SLOC-1 i2c4-n6,1E,N3 C0/C1 PKGID EXP,PCA9557,/sys/bus/i2c/devices/78-001E
78,SLOC-1 i2c4-n7,45,N3C0 VCCD4567/VPP4567,IR35207,/sys/bus/i2c/devices/78-0045
78,SLOC-1 i2c4-n8,70,N3C1 DIMM EVENT EXP,PCAL9538,/sys/bus/i2c/devices/78-0070
78,SLOC-1 i2c4-n9,73,N3C0 DIMM EVENT EXP,PCAL9538,/sys/bus/i2c/devices/78-0073
79,SLOC-1 i2c5-n3c1,10,N3C0 VCCD0123/VPP0123,IR35207,
79,SLOC-1 i2c5-n3c2,17,N3C0 VSA REG,IR38163,
79,SLOC-1 i2c5-n3c3,1D,N3C0 VCCIO REG,IR38163,
79,SLOC-1 i2c5-n3c4,45,N3C0 VCCD0123/VPP0123,IR35207,/sys/bus/i2c/devices/79-0045
79,SLOC-1 i2c5-n3c5,47,N3C0 VSA REG,IR38163,/sys/bus/i2c/devices/79-0047
79,SLOC-1 i2c5-n3c6,4C,N3C0 Vcore REG,PI3020,/sys/bus/i2c/devices/79-004C
79,SLOC-1 i2c5-n3c7,4D,N3C0 VCCIO REG,IR38163,/sys/bus/i2c/devices/79-004D
80,SLOC-1 i2c6-n3c2,10,N3C1 VCCD0123/VPP0123,IR35207,
80,SLOC-1 i2c6-n3c3,17,N3C1 VSA REG,IR38163,
80,SLOC-1 i2c6-n3c4,1D,N3C1 VCCIO REG,IR38163,
80,SLOC-1 i2c6-n3c5,45,N3C1 VCCD0123/VPP0123,IR35207,/sys/bus/i2c/devices/80-0045
80,SLOC-1 i2c6-n3c6,47,N3C1 VSA REG,IR38163,/sys/bus/i2c/devices/80-0047
80,SLOC-1 i2c6-n3c7,4C,N3C1 Vcore REG,PI3020,/sys/bus/i2c/devices/80-004C
80,SLOC-1 i2c6-n3c8,4D,N3C1 VCCIO REG,IR38163,/sys/bus/i2c/devices/80-004D
81,SLOC-1 i2c7-n4,0F,N3 PCH PMIC,IRPS5401,
81,SLOC-1 i2c7-n5,10,N3C1 VCCD4567/VPP4567,IR35207,
81,SLOC-1 i2c7-n6,19,N3 +12V Brick,EBDW020A0B,/sys/bus/i2c/devices/81-0019
81,SLOC-1 i2c7-n7,45,N3C1 VCCD4567/VPP4567,IR35207,/sys/bus/i2c/devices/81-0045
81,SLOC-1 i2c7-n8,71,N3 VRFAULT EXP,PCAL9538,/sys/bus/i2c/devices/81-0071
81,SLOC-1 i2c7-n9,72,N3 FIVR/THERMTRIP EXP,PCAL9538,/sys/bus/i2c/devices/81-0072
81,SLOC-1 i2c7-n10,73,N3/N0 MEMHOT EXP,PCAL9538,/sys/bus/i2c/devices/81-0073
81,SLOC-1 i2c7-n11,77,N3 PCH PMIC,IRPS5401,/sys/bus/i2c/devices/81-0077
82,SLOC-1 i2c0-n1,10,N0C0 VCCD4567/VPP4567,IR35207,
82,SLOC-1 i2c0-n2,11,N0 52V ECB PMON,LM5066i,/sys/bus/i2c/devices/82-0011
82,SLOC-1 i2c0-n3,45,N0C0 VCCD4567/VPP4567,IR35207,/sys/bus/i2c/devices/82-0045
82,SLOC-1 i2c0-n4,1E,N0 C0/C1 PKGID EXP,PCA9557,/sys/bus/i2c/devices/82-001E
82,SLOC-1 i2c0-n5,70,N0C1 DIMM EVENT EXP,PCAL9538,/sys/bus/i2c/devices/82-0070
82,SLOC-1 i2c0-n6,73,N0C0 DIMM EVENT EXP,PCAL9538,/sys/bus/i2c/devices/82-0073
83,SLOC-1 i2c1-n0c1,10,N0C0 VCCD0123/VPP0123,IR35207,
83,SLOC-1 i2c1-n0c2,17,N0C0 VSA REG,IR38163,
83,SLOC-1 i2c1-n0c3,1D,N0C0 VCCIO REG,IR38163,
83,SLOC-1 i2c1-n0c4,45,N0C0 VCCD0123/VPP0123,IR35207,/sys/bus/i2c/devices/83-0045
83,SLOC-1 i2c1-n0c5,47,N0C0 VSA REG,IR38163,/sys/bus/i2c/devices/83-0047
83,SLOC-1 i2c1-n0c6,4C,N0C0 Vcore REG,PI3020,/sys/bus/i2c/devices/83-004C
83,SLOC-1 i2c1-n0c7,4D,N0C0 VCCIO REG,IR38163,/sys/bus/i2c/devices/83-004D
84,SLOC-1 i2c2-n0c2,10,N0C1 VCCD0123/VPP0123,IR35207,
84,SLOC-1 i2c2-n0c3,17,N0C1 VSA REG,IR38163,
84,SLOC-1 i2c2-n0c4,1D,N0C1 VCCIO REG,IR38163,
84,SLOC-1 i2c2-n0c5,45,N0C1 VCCD0123/VPP0123,IR35207,/sys/bus/i2c/devices/84-0045
84,SLOC-1 i2c2-n0c6,47,N0C1 VSA REG,IR38163,/sys/bus/i2c/devices/84-0047
84,SLOC-1 i2c2-n0c7,4C,N0C1 Vcore REG,PI3020,/sys/bus/i2c/devices/84-004C
84,SLOC-1 i2c2-n0c8,4D,N0C1 VCCIO REG,IR38163,/sys/bus/i2c/devices/84-004D
85,SLOC-1 i2c3-n1,0F,N0 PCH PMIC,IRPS5401,
85,SLOC-1 i2c3-n2,10,N0C1 VCCD4567/VPP4567,IR35207,
85,SLOC-1 i2c3-n3,19,N0 +12V Brick,EBDW020A0B,/sys/bus/i2c/devices/85-0019
85,SLOC-1 i2c3-n4,45,N0C1 VCCD4567/VPP4567,IR35207,/sys/bus/i2c/devices/85-0045
85,SLOC-1 i2c3-n5,71,N0 VRFAULT EXP,PCAL9538,/sys/bus/i2c/devices/85-0071
85,SLOC-1 i2c3-n6,72,N0 FIVR/THERMTRIP EXP,PCAL9538,/sys/bus/i2c/devices/85-0072
85,SLOC-1 i2c3-n7,73,N3/N0 CPU ERROR EXP,PCAL9538,/sys/bus/i2c/devices/85-0073
85,SLOC-1 i2c3-n8,77,N0 PCH PMIC,IRPS5401,/sys/bus/i2c/devices/85-0077
110,VLOC-0 i2c0-n2c0-vr,10,N2 VDD_3V3_S0 CTRL,IR38060,
110,VLOC-0 i2c0-n2c0-vr,12,N2C0 VDD_SOC_S0 CTRL (Pass1),IR38064,
110,VLOC-0 i2c0-n2c0-vr,14,N2C0 VDD_VDR_ACEG_S0 CTRL,IR38064,
110,VLOC-0 i2c0-n2c0-vr,16,N2C0 VDD_VDR_BDFH_S0 CTRL,IR38060,
110,VLOC-0 i2c0-n2c0-vr,18,N2C0 VDD_VPP_ACEG_S0 CTRL,IR38060,
110,VLOC-0 i2c0-n2c0-vr,1A,N2C0 VDD_VPP_BDFH_S0 CTRL,IR38060,
110,VLOC-0 i2c0-n2c0-vr,1C,N2C0 VDD_1V8_S0 CTRL,IR38060,
110,VLOC-0 i2c0-n2c0-vr,1E,N2C0 VDD_0V8_S0 CTRL,IR38062,
110,VLOC-0 i2c0-n2c0-vr,40,N2 VDD_3V3_S0 CTRL,IR38060,/sys/bus/i2c/devices/110-0040
110,VLOC-0 i2c0-n2c0-vr,42,N2C0 VDD_SOC_S0 CTRL (Pass1),IR38064,/sys/bus/i2c/devices/110-0042
110,VLOC-0 i2c0-n2c0-vr,44,N2C0 VDD_VDR_ACEG_S0 CTRL,IR38064,/sys/bus/i2c/devices/110-0044
110,VLOC-0 i2c0-n2c0-vr,46,N2C0 VDD_VDR_BDFH_S0 CTRL,IR38060,/sys/bus/i2c/devices/110-0046
110,VLOC-0 i2c0-n2c0-vr,48,N2C0 VDD_VPP_ACEG_S0 CTRL,IR38060,/sys/bus/i2c/devices/110-0048
110,VLOC-0 i2c0-n2c0-vr,4A,N2C0 VDD_VPP_BDFH_S0 CTRL,IR38060,/sys/bus/i2c/devices/110-004A
110,VLOC-0 i2c0-n2c0-vr,4C,N2C0 VDD_1V8_S0 CTRL,IR38060,/sys/bus/i2c/devices/110-004C
110,VLOC-0 i2c0-n2c0-vr,4E,N2C0 VDD_0V8_S0 CTRL,IR38062,/sys/bus/i2c/devices/110-004E
111,VLOC-0 i2c1-n2c1-vr,12,N2C1 VDD_SOC_S0 CTRL (Pass1),IR38064,
111,VLOC-0 i2c1-n2c1-vr,14,N2C1 VDD_VDR_ACEG_S0 CTRL,IR38064,
111,VLOC-0 i2c1-n2c1-vr,16,N2C1 VDD_VDR_BDFH_S0 CTRL,IR38060,
111,VLOC-0 i2c1-n2c1-vr,18,N2C1 VDD_VPP_ACEG_S0 CTRL,IR38060,
111,VLOC-0 i2c1-n2c1-vr,1A,N2C1 VDD_VPP_BDFH_S0 CTRL,IR38060,
111,VLOC-0 i2c1-n2c1-vr,1C,N2C1 VDD_1V8_S0 CTRL,IR38060,
111,VLOC-0 i2c1-n2c1-vr,1E,N2C1 VDD_0V8_S0 CTRL,IR38062,
111,VLOC-0 i2c1-n2c1-vr,42,N2C1 VDD_SOC_S0 CTRL (Pass1),IR38064,/sys/bus/i2c/devices/111-0042
111,VLOC-0 i2c1-n2c1-vr,44,N2C1 VDD_VDR_ACEG_S0 CTRL,IR38064,/sys/bus/i2c/devices/111-0044
111,VLOC-0 i2c1-n2c1-vr,46,N2C1 VDD_VDR_BDFH_S0 CTRL,IR38060,/sys/bus/i2c/devices/111-0046
111,VLOC-0 i2c1-n2c1-vr,48,N2C1 VDD_VPP_ACEG_S0 CTRL,IR38060,/sys/bus/i2c/devices/111-0048
111,VLOC-0 i2c1-n2c1-vr,4A,N2C1 VDD_VPP_BDFH_S0 CTRL,IR38060,/sys/bus/i2c/devices/111-004A
111,VLOC-0 i2c1-n2c1-vr,4C,N2C1 VDD_1V8_S0 CTRL,IR38060,/sys/bus/i2c/devices/111-004C
111,VLOC-0 i2c1-n2c1-vr,4E,N2C1 VDD_0V8_S0 CTRL,IR38062,/sys/bus/i2c/devices/111-004E
112,VLOC-0 i2c2-n1c0-vr,10,N1 VDD_3V3_S0 CTRL,IR38060,
112,VLOC-0 i2c2-n1c0-vr,12,N1C0 VDD_SOC_S0 CTRL (Pass1),IR38064,
112,VLOC-0 i2c2-n1c0-vr,14,N1C0 VDD_VDR_ACEG_S0 CTRL,IR38064,
112,VLOC-0 i2c2-n1c0-vr,16,N1C0 VDD_VDR_BDFH_S0 CTRL,IR38060,
112,VLOC-0 i2c2-n1c0-vr,18,N1C0 VDD_VPP_ACEG_S0 CTRL,IR38060,
112,VLOC-0 i2c2-n1c0-vr,1A,N1C0 VDD_VPP_BDFH_S0 CTRL,IR38060,
112,VLOC-0 i2c2-n1c0-vr,1C,N1C0 VDD_1V8_S0 CTRL,IR38060,
112,VLOC-0 i2c2-n1c0-vr,1E,N1C0 VDD_0V8_S0 CTRL,IR38062,
112,VLOC-0 i2c2-n1c0-vr,40,N1 VDD_3V3_S0 CTRL,IR38060,/sys/bus/i2c/devices/112-0040
112,VLOC-0 i2c2-n1c0-vr,42,N1C0 VDD_SOC_S0 CTRL (Pass1),IR38064,/sys/bus/i2c/devices/112-0042
112,VLOC-0 i2c2-n1c0-vr,44,N1C0 VDD_VDR_ACEG_S0 CTRL,IR38064,/sys/bus/i2c/devices/112-0044
112,VLOC-0 i2c2-n1c0-vr,46,N1C0 VDD_VDR_BDFH_S0 CTRL,IR38060,/sys/bus/i2c/devices/112-0046
112,VLOC-0 i2c2-n1c0-vr,48,N1C0 VDD_VPP_ACEG_S0 CTRL,IR38060,/sys/bus/i2c/devices/112-0048
112,VLOC-0 i2c2-n1c0-vr,4A,N1C0 VDD_VPP_BDFH_S0 CTRL,IR38060,/sys/bus/i2c/devices/112-004A
112,VLOC-0 i2c2-n1c0-vr,4C,N1C0 VDD_1V8_S0 CTRL,IR38060,/sys/bus/i2c/devices/112-004C
112,VLOC-0 i2c2-n1c0-vr,4E,N1C0 VDD_0V8_S0 CTRL,IR38062,/sys/bus/i2c/devices/112-004E
113,VLOC-0 i2c3-n1c1-vr,12,N1C1 VDD_SOC_S0 CTRL (Pass1),IR38064,
113,VLOC-0 i2c3-n1c1-vr,14,N1C1 VDD_VDR_ACEG_S0 CTRL,IR38064,
113,VLOC-0 i2c3-n1c1-vr,16,N1C1 VDD_VDR_BDFH_S0 CTRL,IR38060,
113,VLOC-0 i2c3-n1c1-vr,18,N1C1 VDD_VPP_ACEG_S0 CTRL,IR38060,
113,VLOC-0 i2c3-n1c1-vr,1A,N1C1 VDD_VPP_BDFH_S0 CTRL,IR38060,
113,VLOC-0 i2c3-n1c1-vr,1C,N1C1 VDD_1V8_S0 CTRL,IR38060,
113,VLOC-0 i2c3-n1c1-vr,1E,N1C1 VDD_0V8_S0 CTRL,IR38062,
113,VLOC-0 i2c3-n1c1-vr,42,N1C1 VDD_SOC_S0 CTRL (Pass1),IR38064,/sys/bus/i2c/devices/113-0042
113,VLOC-0 i2c3-n1c1-vr,44,N1C1 VDD_VDR_ACEG_S0 CTRL,IR38064,/sys/bus/i2c/devices/113-0044
113,VLOC-0 i2c3-n1c1-vr,46,N1C1 VDD_VDR_BDFH_S0 CTRL,IR38060,/sys/bus/i2c/devices/113-0046
113,VLOC-0 i2c3-n1c1-vr,48,N1C1 VDD_VPP_ACEG_S0 CTRL,IR38060,/sys/bus/i2c/devices/113-0048
113,VLOC-0 i2c3-n1c1-vr,4A,N1C1 VDD_VPP_BDFH_S0 CTRL,IR38060,/sys/bus/i2c/devices/113-004A
113,VLOC-0 i2c3-n1c1-vr,4C,N1C1 VDD_1V8_S0 CTRL,IR38060,/sys/bus/i2c/devices/113-004C
113,VLOC-0 i2c3-n1c1-vr,4E,N1C1 VDD_0V8_S0 CTRL,IR38062,/sys/bus/i2c/devices/113-004E
114,VLOC-0 i2c4-n2-ecb,11,N2 52V ECB PMON,LM5066i,/sys/bus/i2c/devices/114-0011
114,VLOC-0 i2c4-n2-ecb,19,N2 +12V Brick,EBDW020A0B,/sys/bus/i2c/devices/114-0019
115,VLOC-0 i2c5-n1-ecb,11,N1 52V ECB PMON,LM5066i,/sys/bus/i2c/devices/115-0011
115,VLOC-0 i2c5-n1-ecb,19,N1 +12V Brick,EBDW020A0B,/sys/bus/i2c/devices/115-0019
116,VLOC-0 i2c6-n2c0-io,73,N2C0 POST,PCAL9538,/sys/bus/i2c/devices/116-0073
117,VLOC-0 i2c7-n2c1-io,73,N2C1 POST,PCAL9538,/sys/bus/i2c/devices/117-0073
118,VLOC-0 i2c8-n1c0-io,73,N1C0 POST,PCAL9538,/sys/bus/i2c/devices/118-0073
119,VLOC-0 i2c9-n1c1-io,73,N1C1 POST,PCAL9538,/sys/bus/i2c/devices/119-0073
120,VLOC-0 i2c10-vrcfg,74,VR CFG SWITCH,PCA9646PW,/sys/bus/i2c/devices/120-0074
121,VLOC-0 vrcfg n1c0 pm,10,N1C0 VDD_MEM/VDD_SRAM (Pass1) OR VDD_MEM/VDD_SOC (Pass2),IR35207,
121,VLOC-0 vrcfg n1c0 pm,12,N1C0 VDD_SRAM_S0 CTLR (Pass2),IR38064,
121,VLOC-0 vrcfg n1c0 pm,40,N1C0 VDD_MEM/VDD_SRAM (Pass1) OR VDD_MEM/VDD_SOC (Pass2),IR35207,/sys/bus/i2c/devices/121-0040
121,VLOC-0 vrcfg n1c0 pm,42,N1C0 VDD_SRAM_S0 CTLR (Pass2),IR38064,/sys/bus/i2c/devices/121-0042
121,VLOC-0 vrcfg n1c0 pm,4C,N1C0 VCORE REG,PI3020PM,/sys/bus/i2c/devices/121-004C
122,VLOC-0 vrcfg n1c1 pm,10,N1C1 VDD_MEM/VDD_SRAM (Pass1) OR VDD_MEM/VDD_SOC (Pass2),IR35207,
122,VLOC-0 vrcfg n1c1 pm,12,N1C1 VDD_SRAM_S0 CTLR (Pass2),IR38064,
122,VLOC-0 vrcfg n1c1 pm,40,N1C1 VDD_MEM/VDD_SRAM (Pass1) OR VDD_MEM/VDD_SOC (Pass2),IR35207,/sys/bus/i2c/devices/122-0040
122,VLOC-0 vrcfg n1c1 pm,42,N1C1 VDD_SRAM_S0 CTLR (Pass2),IR38064,/sys/bus/i2c/devices/122-0042
122,VLOC-0 vrcfg n1c1 pm,4C,N1C1 VCORE REG,PI3020PM,/sys/bus/i2c/devices/122-004C
123,VLOC-0 vrcfg n2c0 pm,10,N2C0 VDD_MEM/VDD_SRAM (Pass1) OR VDD_MEM/VDD_SOC (Pass2),IR35207,
123,VLOC-0 vrcfg n2c0 pm,12,N2C0 VDD_SRAM_S0 CTLR (Pass2),IR38064,
123,VLOC-0 vrcfg n2c0 pm,40,N2C0 VDD_MEM/VDD_SRAM (Pass1) OR VDD_MEM/VDD_SOC (Pass2),IR35207,/sys/bus/i2c/devices/123-0040
123,VLOC-0 vrcfg n2c0 pm,42,N2C0 VDD_SRAM_S0 CTLR (Pass2),IR38064,/sys/bus/i2c/devices/123-0042
123,VLOC-0 vrcfg n2c0 pm,4C,N2C0 Vcore REG,PI3020PM,/sys/bus/i2c/devices/123-004C
124,VLOC-0 vrcfg n2c1 pm,10,N2C1 VDD_MEM/VDD_SRAM (Pass1) OR VDD_MEM/VDD_SOC (Pass2),IR35207,
124,VLOC-0 vrcfg n2c1 pm,12,N2C1 VDD_SRAM_S0 CTLR (Pass2),IR38064,
124,VLOC-0 vrcfg n2c1 pm,40,N2C1 VDD_MEM/VDD_SRAM (Pass1) OR VDD_MEM/VDD_SOC (Pass2),IR35207,/sys/bus/i2c/devices/124-0040
124,VLOC-0 vrcfg n2c1 pm,42,N2C1 VDD_SRAM_S0 CTLR (Pass2),IR38064,/sys/bus/i2c/devices/124-0042
124,VLOC-0 vrcfg n2c1 pm,4C,N2C1 Vcore REG,PI3020PM,/sys/bus/i2c/devices/124-004C
129,VLOC-1 i2c0-n3c0-vr,10,N3 VDD_3V3_S0 CTRL,IR38060,
129,VLOC-1 i2c0-n3c0-vr,12,N3C0 VDD_SOC_S0 CTRL (Pass1),IR38064,
129,VLOC-1 i2c0-n3c0-vr,14,N3C0 VDD_VDR_ACEG_S0 CTRL,IR38064,
129,VLOC-1 i2c0-n3c0-vr,16,N3C0 VDD_VDR_BDFH_S0 CTRL,IR38060,
129,VLOC-1 i2c0-n3c0-vr,18,N3C0 VDD_VPP_ACEG_S0 CTRL,IR38060,
129,VLOC-1 i2c0-n3c0-vr,1A,N3C0 VDD_VPP_BDFH_S0 CTRL,IR38060,
129,VLOC-1 i2c0-n3c0-vr,1C,N3C0 VDD_1V8_S0 CTRL,IR38060,
129,VLOC-1 i2c0-n3c0-vr,1E,N3C0 VDD_0V8_S0 CTRL,IR38062,
129,VLOC-1 i2c0-n3c0-vr,40,N3 VDD_3V3_S0 CTRL,IR38060,/sys/bus/i2c/devices/129-0040
129,VLOC-1 i2c0-n3c0-vr,42,N3C0 VDD_SOC_S0 CTRL (Pass1),IR38064,/sys/bus/i2c/devices/129-0042
129,VLOC-1 i2c0-n3c0-vr,44,N3C0 VDD_VDR_ACEG_S0 CTRL,IR38064,/sys/bus/i2c/devices/129-0044
129,VLOC-1 i2c0-n3c0-vr,46,N3C0 VDD_VDR_BDFH_S0 CTRL,IR38060,/sys/bus/i2c/devices/129-0046
129,VLOC-1 i2c0-n3c0-vr,48,N3C0 VDD_VPP_ACEG_S0 CTRL,IR38060,/sys/bus/i2c/devices/129-0048
129,VLOC-1 i2c0-n3c0-vr,4A,N3C0 VDD_VPP_BDFH_S0 CTRL,IR38060,/sys/bus/i2c/devices/129-004A
129,VLOC-1 i2c0-n3c0-vr,4C,N3C0 VDD_1V8_S0 CTRL,IR38060,/sys/bus/i2c/devices/129-004C
129,VLOC-1 i2c0-n3c0-vr,4E,N3C0 VDD_0V8_S0 CTRL,IR38062,/sys/bus/i2c/devices/129-004E
130,VLOC-1 i2c1-n3c1-vr,12,N3C1 VDD_SOC_S0 CTRL (Pass1),IR38064,
130,VLOC-1 i2c1-n3c1-vr,14,N3C1 VDD_VDR_ACEG_S0 CTRL,IR38064,
130,VLOC-1 i2c1-n3c1-vr,16,N3C1 VDD_VDR_BDFH_S0 CTRL,IR38060,
130,VLOC-1 i2c1-n3c1-vr,18,N3C1 VDD_VPP_ACEG_S0 CTRL,IR38060,
130,VLOC-1 i2c1-n3c1-vr,1A,N3C1 VDD_VPP_BDFH_S0 CTRL,IR38060,
130,VLOC-1 i2c1-n3c1-vr,1C,N3C1 VDD_1V8_S0 CTRL,IR38060,
130,VLOC-1 i2c1-n3c1-vr,1E,N3C1 VDD_0V8_S0 CTRL,IR38062,
130,VLOC-1 i2c1-n3c1-vr,42,N3C1 VDD_SOC_S0 CTRL (Pass1),IR38064,/sys/bus/i2c/devices/130-0042
130,VLOC-1 i2c1-n3c1-vr,44,N3C1 VDD_VDR_ACEG_S0 CTRL,IR38064,/sys/bus/i2c/devices/130-0044
130,VLOC-1 i2c1-n3c1-vr,46,N3C1 VDD_VDR_BDFH_S0 CTRL,IR38060,/sys/bus/i2c/devices/130-0046
130,VLOC-1 i2c1-n3c1-vr,48,N3C1 VDD_VPP_ACEG_S0 CTRL,IR38060,/sys/bus/i2c/devices/130-0048
130,VLOC-1 i2c1-n3c1-vr,4A,N3C1 VDD_VPP_BDFH_S0 CTRL,IR38060,/sys/bus/i2c/devices/130-004A
130,VLOC-1 i2c1-n3c1-vr,4C,N3C1 VDD_1V8_S0 CTRL,IR38060,/sys/bus/i2c/devices/130-004C
130,VLOC-1 i2c1-n3c1-vr,4E,N3C1 VDD_0V8_S0 CTRL,IR38062,/sys/bus/i2c/devices/130-004E
131,VLOC-1 i2c2-n0c0-vr,10,N0 VDD_3V3_S0 CTRL,IR38060,
131,VLOC-1 i2c2-n0c0-vr,12,N0C0 VDD_SOC_S0 CTRL (Pass1),IR38064,
131,VLOC-1 i2c2-n0c0-vr,14,N0C0 VDD_VDR_ACEG_S0 CTRL,IR38064,
131,VLOC-1 i2c2-n0c0-vr,16,N1C0 VDD_VDR_BDFH_S0 CTRL,IR38064,
131,VLOC-1 i2c2-n0c0-vr,18,N0C0 VDD_VPP_ACEG_S0 CTRL,IR38060,
131,VLOC-1 i2c2-n0c0-vr,1A,N0C0 VDD_VPP_BDFH_S0 CTRL,IR38060,
131,VLOC-1 i2c2-n0c0-vr,1C,N0C0 VDD_1V8_S0 CTRL,IR38060,
131,VLOC-1 i2c2-n0c0-vr,1E,N0C0 VDD_0V8_S0 CTRL,IR38062,
131,VLOC-1 i2c2-n0c0-vr,40,N0 VDD_3V3_S0 CTRL,IR38060,/sys/bus/i2c/devices/131-0040
131,VLOC-1 i2c2-n0c0-vr,42,N0C0 VDD_SOC_S0 CTRL (Pass1),IR38064,/sys/bus/i2c/devices/131-0042
131,VLOC-1 i2c2-n0c0-vr,44,N0C0 VDD_VDR_ACEG_S0 CTRL,IR38064,/sys/bus/i2c/devices/131-0044
131,VLOC-1 i2c2-n0c0-vr,46,N0C0 VDD_VDR_BDFH_S0 CTRL,IR38060,/sys/bus/i2c/devices/131-0046
131,VLOC-1 i2c2-n0c0-vr,48,N0C0 VDD_VPP_ACEG_S0 CTRL,IR38060,/sys/bus/i2c/devices/131-0048
131,VLOC-1 i2c2-n0c0-vr,4A,N0C0 VDD_VPP_BDFH_S0 CTRL,IR38060,/sys/bus/i2c/devices/131-004A
131,VLOC-1 i2c2-n0c0-vr,4C,N0C0 VDD_1V8_S0 CTRL,IR38060,/sys/bus/i2c/devices/131-004C
131,VLOC-1 i2c2-n0c0-vr,4E,N0C0 VDD_0V8_S0 CTRL,IR38062,/sys/bus/i2c/devices/131-004E
132,VLOC-1 i2c3-n0c1-vr,12,N0C1 VDD_SOC_S0 CTRL (Pass1),IR38060,
132,VLOC-1 i2c3-n0c1-vr,14,N0C1 VDD_VDR_ACEG_S0 CTRL,IR38060,
132,VLOC-1 i2c3-n0c1-vr,16,N0C1 VDD_VDR_BDFH_S0 CTRL,IR38060,
132,VLOC-1 i2c3-n0c1-vr,18,N0C1 VDD_VPP_ACEG_S0 CTRL,IR38060,
132,VLOC-1 i2c3-n0c1-vr,1A,N0C1 VDD_VPP_BDFH_S0 CTRL,IR38060,
132,VLOC-1 i2c3-n0c1-vr,1C,N0C1 VDD_1V8_S0 CTRL,IR38060,
132,VLOC-1 i2c3-n0c1-vr,1E,N0C1 VDD_0V8_S0 CTRL,IR38060,
132,VLOC-1 i2c3-n0c1-vr,42,N0C1 VDD_SOC_S0 CTRL (Pass1),IR38064,/sys/bus/i2c/devices/132-0042
132,VLOC-1 i2c3-n0c1-vr,44,N0C1 VDD_VDR_ACEG_S0 CTRL,IR38064,/sys/bus/i2c/devices/132-0044
132,VLOC-1 i2c3-n0c1-vr,46,N0C1 VDD_VDR_BDFH_S0 CTRL,IR38064,/sys/bus/i2c/devices/132-0046
132,VLOC-1 i2c3-n0c1-vr,48,N0C1 VDD_VPP_ACEG_S0 CTRL,IR38060,/sys/bus/i2c/devices/132-0048
132,VLOC-1 i2c3-n0c1-vr,4A,N0C1 VDD_VPP_BDFH_S0 CTRL,IR38060,/sys/bus/i2c/devices/132-004A
132,VLOC-1 i2c3-n0c1-vr,4C,N0C1 VDD_1V8_S0 CTRL,IR38060,/sys/bus/i2c/devices/132-004C
132,VLOC-1 i2c3-n0c1-vr,4E,N0C1 VDD_0V8_S0 CTRL,IR38062,/sys/bus/i2c/devices/132-004E
133,VLOC-1 i2c4-n3-ecb,11,N3 52V ECB PMON,LM5066i,/sys/bus/i2c/devices/133-0011
133,VLOC-1 i2c4-n3-ecb,19,N3 +12V Brick,EBDW020A0B,/sys/bus/i2c/devices/133-0019
134,VLOC-1 i2c5-n0-ecb,11,N0 52V ECB PMON,LM5066i,/sys/bus/i2c/devices/134-0011
134,VLOC-1 i2c5-n0-ecb,19,N0 +12V Brick,EBDW020A0B,/sys/bus/i2c/devices/134-0019
135,VLOC-1 i2c6-n3c0-io,73,N3C0 POST,PCAL9538,/sys/bus/i2c/devices/135-0073
136,VLOC-1 i2c7-n3c1-io,73,N3C1 POST,PCAL9538,/sys/bus/i2c/devices/136-0073
137,VLOC-1 i2c8-n0c0-io,73,N0C0 POST,PCAL9538,/sys/bus/i2c/devices/137-0073
138,VLOC-1 i2c9-n0c1-io,73,N0C1 POST,PCAL9538,/sys/bus/i2c/devices/138-0073
139,VLOC-1 i2c10-vrcfg,74,VR CFG SWITCH,PCA9646PW,/sys/bus/i2c/devices/139-0074
140,VLOC-1 vrcfg n0c0 pm,10,N0C0 VDD_MEM/VDD_SRAM (Pass1) OR VDD_MEM/VDD_SOC (Pass2),IR35207,
140,VLOC-1 vrcfg n0c0 pm,12,N0C0 VDD_SRAM_S0 CTLR (Pass2),IR38064,
140,VLOC-1 vrcfg n0c0 pm,40,N0C0 VDD_MEM/VDD_SRAM (Pass1) OR VDD_MEM/VDD_SOC (Pass2),IR35207,/sys/bus/i2c/devices/140-0040
140,VLOC-1 vrcfg n0c0 pm,42,N0C0 VDD_SRAM_S0 CTLR (Pass2),IR38064,/sys/bus/i2c/devices/140-0042
140,VLOC-1 vrcfg n0c0 pm,4C,N0C0 Vcore REG,PI3020,/sys/bus/i2c/devices/140-004C
141,VLOC-1 vrcfg n0c1 pm,10,N0C1 VDD_MEM/VDD_SRAM (Pass1) OR VDD_MEM/VDD_SOC (Pass2),IR35207,
141,VLOC-1 vrcfg n0c1 pm,12,N0C1 VDD_SRAM_S0 CTLR (Pass2),IR38064,
141,VLOC-1 vrcfg n0c1 pm,40,N0C1 VDD_MEM/VDD_SRAM (Pass1) OR VDD_MEM/VDD_SOC (Pass2),IR35207,/sys/bus/i2c/devices/141-0040
141,VLOC-1 vrcfg n0c1 pm,42,N0C1 VDD_SRAM_S0 CTLR (Pass2),IR38064,/sys/bus/i2c/devices/141-0042
141,VLOC-1 vrcfg n0c1 pm,4C,N0C1 Vcore REG,PI3020,/sys/bus/i2c/devices/141-004C
142,VLOC-1 vrcfg n3c0 pm,10,N3C0 VDD_MEM/VDD_SRAM (Pass1) OR VDD_MEM/VDD_SOC (Pass2),IR35207,
142,VLOC-1 vrcfg n3c0 pm,12,N3C0 VDD_SRAM_S0 CTLR (Pass2),IR38064,
142,VLOC-1 vrcfg n3c0 pm,40,N3C0 VDD_MEM/VDD_SRAM (Pass1) OR VDD_MEM/VDD_SOC (Pass2),IR35207,/sys/bus/i2c/devices/142-0040
142,VLOC-1 vrcfg n3c0 pm,42,N3C0 VDD_SRAM_S0 CTLR (Pass2),IR38064,/sys/bus/i2c/devices/142-0042
142,VLOC-1 vrcfg n3c0 pm,4C,N3C0 Vcore REG,PI3020,/sys/bus/i2c/devices/142-004C
143,VLOC-1 vrcfg n3c1 pm,10,N3C1 VDD_MEM/VDD_SRAM (Pass1) OR VDD_MEM/VDD_SOC (Pass2),IR35207,
143,VLOC-1 vrcfg n3c1 pm,12,N3C1 VDD_SRAM_S0 CTLR (Pass2),IR38064,
143,VLOC-1 vrcfg n3c1 pm,40,N3C1 VDD_MEM/VDD_SRAM (Pass1) OR VDD_MEM/VDD_SOC (Pass2),IR35207,/sys/bus/i2c/devices/143-0040
143,VLOC-1 vrcfg n3c1 pm,42,N3C1 VDD_SRAM_S0 CTLR (Pass2),IR38064,/sys/bus/i2c/devices/143-0042
143,VLOC-1 vrcfg n3c1 pm,4C,N3C1 Vcore REG,PI3020,/sys/bus/i2c/devices/143-004C
